{
  "title": "",
  "cells": [
    {
      "type": "markdown",
      "data": "## intricacies\n# test"
    },
    {
      "type": "markdown",
      "data": "However, the **intricacies** of the data and complexities of the production line pose problems for current methods."
    },
    {
      "type": "text",
      "data": "<br>"
    },
    {
      "type": "text",
      "data": ""
    },
    {
      "type": "text",
      "data": ""
    },
    {
      "type": "text",
      "data": ""
    },
    {
      "type": "text",
      "data": ""
    }
  ]
}